filename,out_sameple_test,in_sample_test,our_generated_tweets
generated_text_json/glove_500_trump_1.hdf5_gen.csv,368.40876633008423,346.6494182005579,157.95746063793737,0.5930612506638502,21.306930693069308
generated_text_json/glove_500_trump_1.hdf5_gen.csv,368.40876633008423,346.6494182005579,157.95746063793737,1.0,1.0
generated_text_json/glove_500_trump_2.hdf5_gen.csv,368.40876633008423,346.6494182005579,209.56177050898933,1.0,1.0
generated_text_json/glove_500_trump_3.hdf5_gen.csv,368.40876633008423,346.6494182005579,218.28115033672148,1.0,1.0
generated_text_json/glove_500_trump_4.hdf5_gen.csv,368.40876633008423,346.6494182005579,235.89517130749252,1.0,1.0
generated_text_json/lstm_500_trump_1.hdf5_gen.csv,368.40876633008423,346.6494182005579,284.42453523671696,1.0,1.0
generated_text_json/lstm_500_trump_2.hdf5_gen.csv,368.40876633008423,346.6494182005579,355.51595154560397,1.0,1.0
generated_text_json/trump_baseline.csv,368.40876633008423,346.6494182005579,20362.857584948688,1.0,1.0
